{"cameraMode":{"drawMode":0,"name":"Shaded","section":"Shading Mode"},"sceneLighting":true,"audioPlay":false,"sceneViewState":{"showFog":false,"showMaterialUpdate":false,"showSkybox":false,"showFlares":false,"showImageEffects":false,"showParticleSystems":false},"in2DMode":false,"pivot":{"x":0.22407521307468415,"y":0.48020312190055849,"z":0.2317877560853958},"rotation":{"x":0.06626605242490769,"y":-0.592448890209198,"z":0.0489840991795063,"w":0.8013931512832642},"size":2.214761972427368,"orthographic":true}