{"cameraMode":{"drawMode":0,"name":"Shaded","section":"Shading Mode"},"sceneLighting":false,"audioPlay":false,"sceneViewState":{"showFog":false,"showMaterialUpdate":false,"showSkybox":false,"showFlares":false,"showImageEffects":false,"showParticleSystems":false},"in2DMode":false,"pivot":{"x":-3.5147523880004885,"y":1.237602949142456,"z":-1.65598726272583},"rotation":{"x":-0.21377962827682496,"y":0.719132125377655,"z":-0.2514020502567291,"w":-0.6115164756774902},"size":12.934928894042969,"orthographic":false}