{"cameraMode":{"drawMode":0,"name":"Shaded","section":"Shading Mode"},"sceneLighting":true,"audioPlay":false,"sceneViewState":{"showFog":false,"showMaterialUpdate":false,"showSkybox":false,"showFlares":false,"showImageEffects":false,"showParticleSystems":false},"in2DMode":false,"pivot":{"x":-7.34999942779541,"y":2.979999542236328,"z":4.469999313354492},"rotation":{"x":0.11329998075962067,"y":-0.6566956043243408,"z":0.10105855017900467,"w":0.7388565540313721},"size":9.32760238647461,"orthographic":true}