{"cameraMode":{"drawMode":0,"name":"Shaded","section":"Shading Mode"},"sceneLighting":true,"audioPlay":false,"sceneViewState":{"showFog":false,"showMaterialUpdate":false,"showSkybox":false,"showFlares":false,"showImageEffects":false,"showParticleSystems":false},"in2DMode":false,"pivot":{"x":0.054942864924669269,"y":3.9067413806915285,"z":4.70357608795166},"rotation":{"x":0.003932186868041754,"y":-0.9518861174583435,"z":0.3070027530193329,"w":0.009597372263669968},"size":3.511212110519409,"orthographic":true}