{"cameraMode":{"drawMode":0,"name":"Shaded","section":"Shading Mode"},"sceneLighting":true,"audioPlay":false,"sceneViewState":{"showFog":false,"showMaterialUpdate":false,"showSkybox":false,"showFlares":false,"showImageEffects":false,"showParticleSystems":false},"in2DMode":false,"pivot":{"x":-0.7529296875,"y":-0.20000000298023225,"z":0.28271484375},"rotation":{"x":-0.14319908618927003,"y":0.5514307618141174,"z":-0.09421049803495407,"w":-0.8167247176170349},"size":6.68213415145874,"orthographic":true}