{"cameraMode":{"drawMode":0,"name":"Shaded","section":"Shading Mode"},"sceneLighting":true,"audioPlay":false,"sceneViewState":{"showFog":false,"showMaterialUpdate":false,"showSkybox":false,"showFlares":false,"showImageEffects":false,"showParticleSystems":false},"in2DMode":false,"pivot":{"x":-2.5728759765625,"y":3.15478515625,"z":5.975830078125},"rotation":{"x":-0.20890480279922486,"y":0.6111947298049927,"z":-0.17139224708080293,"w":-0.7440096735954285},"size":7.4896368980407719,"orthographic":true}