{"cameraMode":{"drawMode":0,"name":"Shaded","section":"Shading Mode"},"sceneLighting":true,"audioPlay":false,"sceneViewState":{"showFog":false,"showMaterialUpdate":false,"showSkybox":false,"showFlares":false,"showImageEffects":false,"showParticleSystems":false},"in2DMode":false,"pivot":{"x":-0.7175325751304627,"y":3.400200605392456,"z":8.137101173400879},"rotation":{"x":-0.13861170411109925,"y":0.7928274869918823,"z":-0.1959906369447708,"w":-0.5603429675102234},"size":14.717585563659668,"orthographic":true}