{"cameraMode":{"drawMode":0,"name":"Shaded","section":"Shading Mode"},"sceneLighting":false,"audioPlay":false,"sceneViewState":{"showFog":false,"showMaterialUpdate":false,"showSkybox":false,"showFlares":false,"showImageEffects":false,"showParticleSystems":false},"in2DMode":false,"pivot":{"x":-0.5984888076782227,"y":1.3366615772247315,"z":3.5953714847564699},"rotation":{"x":0.01422525942325592,"y":0.9857818484306336,"z":-0.12217505276203156,"w":0.1146678626537323},"size":1.5452344417572022,"orthographic":false}