{"cameraMode":{"drawMode":0,"name":"Shaded","section":"Shading Mode"},"sceneLighting":false,"audioPlay":false,"sceneViewState":{"showFog":false,"showMaterialUpdate":false,"showSkybox":false,"showFlares":false,"showImageEffects":false,"showParticleSystems":false},"in2DMode":false,"pivot":{"x":0.024286404252052308,"y":0.16463446617126466,"z":1.6012531518936158},"rotation":{"x":0.11619704216718674,"y":-0.673662006855011,"z":0.1084236204624176,"w":0.7217869162559509},"size":0.970265805721283,"orthographic":true}