{"cameraMode":{"drawMode":0,"name":"Shaded","section":"Shading Mode"},"sceneLighting":true,"audioPlay":false,"sceneViewState":{"showFog":false,"showMaterialUpdate":false,"showSkybox":false,"showFlares":false,"showImageEffects":false,"showParticleSystems":false},"in2DMode":false,"pivot":{"x":-0.5154032707214356,"y":3.4007697105407717,"z":4.05225133895874},"rotation":{"x":-0.1785813421010971,"y":0.6996843218803406,"z":-0.18750400841236115,"w":-0.6660175919532776},"size":7.75163459777832,"orthographic":true}