{"cameraMode":{"drawMode":0,"name":"Shaded","section":"Shading Mode"},"sceneLighting":true,"audioPlay":false,"sceneViewState":{"showFog":false,"showMaterialUpdate":false,"showSkybox":false,"showFlares":false,"showImageEffects":false,"showParticleSystems":false},"in2DMode":false,"pivot":{"x":1.2565319538116456,"y":0.373641699552536,"z":4.456225395202637},"rotation":{"x":0.014502326026558876,"y":0.5908107161521912,"z":0.01066760253161192,"w":-0.8067108988761902},"size":4.332303524017334,"orthographic":true}