{"cameraMode":{"drawMode":0,"name":"Shaded","section":"Shading Mode"},"sceneLighting":true,"audioPlay":false,"sceneViewState":{"showFog":false,"showMaterialUpdate":false,"showSkybox":false,"showFlares":false,"showImageEffects":false,"showParticleSystems":false},"in2DMode":false,"pivot":{"x":-1.0126953125,"y":0.232177734375,"z":1.76416015625},"rotation":{"x":0.21043865382671357,"y":-0.5307919979095459,"z":0.13802219927310944,"w":0.8092793226242065},"size":5.010763168334961,"orthographic":true}