{"cameraMode":{"drawMode":0,"name":"Shaded","section":"Shading Mode"},"sceneLighting":true,"audioPlay":false,"sceneViewState":{"showFog":false,"showMaterialUpdate":false,"showSkybox":false,"showFlares":false,"showImageEffects":false,"showParticleSystems":false},"in2DMode":false,"pivot":{"x":-0.107421875,"y":1.14013671875,"z":0.661376953125},"rotation":{"x":0.22194254398345948,"y":-0.6096118092536926,"z":0.18317684531211854,"w":0.7386230826377869},"size":2.3549866676330568,"orthographic":true}