{"cameraMode":{"drawMode":0,"name":"Shaded","section":"Shading Mode"},"sceneLighting":true,"audioPlay":false,"sceneViewState":{"showFog":false,"showMaterialUpdate":false,"showSkybox":false,"showFlares":false,"showImageEffects":false,"showParticleSystems":false},"in2DMode":false,"pivot":{"x":-20.2392578125,"y":10.8603515625,"z":4.32061767578125},"rotation":{"x":0.5106263756752014,"y":-0.18147870898246766,"z":0.11124247312545777,"w":0.8330435156822205},"size":15.110589027404786,"orthographic":true}