{"cameraMode":{"drawMode":0,"name":"Shaded","section":"Shading Mode"},"sceneLighting":false,"audioPlay":false,"sceneViewState":{"showFog":false,"showMaterialUpdate":false,"showSkybox":false,"showFlares":false,"showImageEffects":false,"showParticleSystems":false},"in2DMode":false,"pivot":{"x":-0.0005542188882827759,"y":0.47103941440582278,"z":-0.00010690093040466309},"rotation":{"x":0.25669974088668826,"y":-0.6549138426780701,"z":0.25301632285118105,"w":0.6643654704093933},"size":1.5366886854171754,"orthographic":true}