{"cameraMode":{"drawMode":0,"name":"Shaded","section":"Shading Mode"},"sceneLighting":true,"audioPlay":false,"sceneViewState":{"showFog":false,"showMaterialUpdate":false,"showSkybox":false,"showFlares":false,"showImageEffects":false,"showParticleSystems":false},"in2DMode":false,"pivot":{"x":2.3499999046325685,"y":1.7799999713897706,"z":-1.5600004196166993},"rotation":{"x":0.18487243354320527,"y":-0.5179881453514099,"z":0.11577729135751724,"w":0.8271205425262451},"size":22.0,"orthographic":true}