{"cameraMode":{"drawMode":0,"name":"Shaded","section":"Shading Mode"},"sceneLighting":false,"audioPlay":false,"sceneViewState":{"showFog":false,"showMaterialUpdate":false,"showSkybox":false,"showFlares":false,"showImageEffects":false,"showParticleSystems":false},"in2DMode":false,"pivot":{"x":-0.00005542207509279251,"y":0.17101068794727326,"z":0.027103938162326814},"rotation":{"x":-0.21373312175273896,"y":0.4356759786605835,"z":-0.10731080174446106,"w":-0.8677530884742737},"size":0.10916218906641007,"orthographic":true}