{"cameraMode":{"drawMode":0,"name":"Shaded","section":"Shading Mode"},"sceneLighting":false,"audioPlay":false,"sceneViewState":{"showFog":false,"showMaterialUpdate":false,"showSkybox":false,"showFlares":false,"showImageEffects":false,"showParticleSystems":false},"in2DMode":false,"pivot":{"x":-0.042320527136325839,"y":0.18567240238189698,"z":0.0},"rotation":{"x":-0.11337672919034958,"y":0.49496060609817507,"z":-0.06509080529212952,"w":-0.8591006994247437},"size":0.971645712852478,"orthographic":true}