{"cameraMode":{"drawMode":0,"name":"Shaded","section":"Shading Mode"},"sceneLighting":true,"audioPlay":false,"sceneViewState":{"showFog":false,"showMaterialUpdate":false,"showSkybox":false,"showFlares":false,"showImageEffects":false,"showParticleSystems":false},"in2DMode":false,"pivot":{"x":7.828818321228027,"y":3.4178009033203127,"z":1.5378906726837159},"rotation":{"x":0.101641945540905,"y":-0.7463207840919495,"z":0.11712773889303208,"w":0.6474318504333496},"size":4.318514347076416,"orthographic":true}