{"cameraMode":{"drawMode":0,"name":"Shaded","section":"Shading Mode"},"sceneLighting":true,"audioPlay":false,"sceneViewState":{"showFog":false,"showMaterialUpdate":false,"showSkybox":false,"showFlares":false,"showImageEffects":false,"showParticleSystems":false},"in2DMode":false,"pivot":{"x":-0.19262628257274629,"y":-0.16740509867668153,"z":0.5876356363296509},"rotation":{"x":0.06712332367897034,"y":-0.47681698203086855,"z":0.036543842405080798,"w":0.8757160902023315},"size":1.3307859897613526,"orthographic":true}