{"cameraMode":{"drawMode":0,"name":"Shaded","section":"Shading Mode"},"sceneLighting":true,"audioPlay":false,"sceneViewState":{"showFog":false,"showMaterialUpdate":false,"showSkybox":false,"showFlares":false,"showImageEffects":false,"showParticleSystems":false},"in2DMode":false,"pivot":{"x":0.968539834022522,"y":1.2138984203338624,"z":-0.2898562252521515},"rotation":{"x":0.09490963071584702,"y":-0.6405730843544006,"z":0.08008997142314911,"w":0.7578616142272949},"size":8.363044738769532,"orthographic":true}