{"cameraMode":{"drawMode":0,"name":"Shaded","section":"Shading Mode"},"sceneLighting":true,"audioPlay":false,"sceneViewState":{"showFog":false,"showMaterialUpdate":false,"showSkybox":false,"showFlares":false,"showImageEffects":false,"showParticleSystems":false},"in2DMode":false,"pivot":{"x":-7.399999618530273,"y":1.7900018692016602,"z":7.800014972686768},"rotation":{"x":-0.21997375786304475,"y":0.7469303011894226,"z":-0.2973828911781311,"w":-0.5525212287902832},"size":10.058538436889649,"orthographic":true}